email,alias
member9@example.commember9-display
member10@example.com,Member 10
member10@example.com,Member 10
member11@example.commember11-display
member12@example.commember12-display
member13@example.com,member13-display
member14@example.commember14-display
member15@example.commember15-display
member16@example.com,Member 16
member17@example.com,Member 17
member18@example.com,Member 18
member19@example.com,member19-display
member20@example.com,Member 20
member20@example.commember20-display
member7@example.com,Member 7
member7@example.commember7-display
